圧;アツ,エン,オウ;お.す,へ.す,おさ.える,お.さえる;pressure, push, overwhelm, oppress, dominate
依;イ,エ;よ.る;reliant, depend on, consequently, therefore, due to
囲;イ;かこ.む,かこ.う,かこ.い;surround, besiege, store, paling, enclosure, encircle, preserve, keep
委;イ;ゆだ.ねる;committee, entrust to, leave to, devote, discard
移;イ;うつ.る,うつ.す;shift, move, change, drift, catch (cold, fire), pass into
胃;イ;;stomach, paunch, crop, craw
衣;イ,エ;ころも,きぬ,-ぎ;garment, clothes, dressing
域;イキ;;range, region, limits, stage, level
印;イン;しるし,-じるし,しる.す;stamp, seal, mark, imprint, symbol, emblem, trademark, evidence, souvenir, India
宇;ウ;;eaves, roof, house, heaven
羽;ウ;は,わ,はね;feathers, counter for birds, rabbits
雲;ウン;くも,-ぐも;cloud
営;エイ;いとな.む,いとな.み;occupation, camp, perform, build, conduct (business)
栄;エイ,ヨウ;さか.える,は.え,-ば.え,は.える,え;flourish, prosperity, honor, glory, splendor
永;エイ;なが.い;eternity, long, lengthy
鋭;エイ;するど.い;pointed, sharpness, edge, weapon, sharp, violent
液;エキ;;fluid, liquid, juice, sap, secretion
延;エン;の.びる,の.べる,の.べ,の.ばす;prolong, stretching
塩;エン;しお;salt
汚;オ;けが.す,けが.れる,けが.らわしい,よご.す,よご.れる,きたな.い;dirty, pollute, disgrace, rape, defile
央;オウ;;center, middle
奥;オウ;おく,おく.まる,くま;heart, interior
欧;オウ;うた.う,は.く;Europe
黄;コウ,オウ;き,こ-;yellow
億;オク;;hundred million, 10**8
温;オン;あたた.か,あたた.かい,あたた.まる,あたた.める,ぬく;warm
河;カ;かわ;river
荷;カ;に;baggage, shoulder-pole load, bear (a burden), shoulder (a gun), load, cargo, freight
菓;カ;;candy, cakes, fruit
課;カ;;chapter, lesson, section, department, division, counter for chapters (of a book)
貨;カ;たから;freight, goods, property
介;カイ;;jammed in, shellfish, mediate, concern oneself with
快;カイ;こころよ.い;cheerful, pleasant, agreeable, comfortable
改;カイ;あらた.める,あらた.まる;reformation, change, modify, mend, renew, examine, inspect, search
械;カイ;かせ;contraption, fetter, machine, instrument
灰;カイ;はい;ashes, puckery juice, cremate
階;カイ;きざはし;storey, stair, counter for storeys of a building
貝;バイ;かい;shellfish
各;カク;おのおの;each, every, either
角;カク;かど,つの;angle, corner, square, horn, antlers
革;カク;かわ;leather, become serious, skin, hide, pelt
額;ガク;ひたい;forehead, tablet, plaque, framed picture, sum, amount, volume
乾;カン,ケン;かわ.く,かわ.かす,ほ.す,ひ.る,いぬい;drought, dry, dessicate, drink up, heaven, emperor
刊;カン;;publish, carve, engrave
巻;カン,ケン;ま.く,まき,ま.き;scroll, volume, book, part, roll up, wind up, tie, coil, counter for texts (or book scrolls)
干;カン;ほ.す,ほ.し-,-ぼ.し,ひ.る;dry, parch
患;カン;わずら.う;afflicted, disease, suffer from, be ill
換;カン;か.える,-か.える,か.わる;interchange, period, change, convert, replace, renew
汗;カン;あせ;sweat, perspire
甘;カン;あま.い,あま.える,あま.やかす,うま.い;sweet, coax, pamper, be content, sugary
管;カン;くだ;pipe, tube, wind instrument, drunken talk
簡;カン;;simplicity, brevity
缶;カン;かま;tin can, container, jar radical (no. 121)
丸;ガン;まる,まる.める,まる.い;round, full, month, perfection, -ship, pills, make round, roll up, curl up, seduce, explain away
含;ガン;ふく.む,ふく.める;include, bear in mind, understand, cherish
岸;ガン;きし;beach
岩;ガン;いわ;boulder, rock, cliff
希;キ,ケ;まれ;hope, beg, request, pray, beseech, Greece, dilute (acid), rare, few, phenomenal
机;キ;つくえ;desk, table
祈;キ;いの.る;pray, wish
季;キ;;seasons
技;ギ;わざ;skill, art, craft, ability, feat, performance, vocation, arts
喫;キツ;の.む;consume, eat, drink, smoke, receive (a blow)
詰;キツ,キチ;つ.める,つ.め,-づ.め,つ.まる,つ.む;packed, close, pressed, reprove, rebuke, blame
逆;ギャク,ゲキ;さか,さか.さ,さか.らう;inverted, reverse, opposite, wicked
久;キュウ,ク;ひさ.しい;long time, old story
旧;キュウ;ふる.い,もと;old times, old things, old friend, former, ex-
巨;キョ;;gigantic, big, large, great
漁;ギョ,リョウ;あさ.る;fishing, fishery
競;キョウ,ケイ;きそ.う,せ.る,くら.べる;emulate, compete with, bid, sell at auction, bout, contest, race
協;キョウ;;co-, cooperation
叫;キョウ;さけ.ぶ;shout, exclaim, yell
境;キョウ,ケイ;さかい;boundary, border, region
挟;キョウ,ショウ;はさ.む,はさ.まる,わきばさ.む,さしはさ.む;pinch, between
橋;キョウ;はし;bridge
況;キョウ;まし.て,いわ.んや,おもむき;condition, situation
胸;キョウ;むね,むな-;bosom, breast, chest, heart, feelings
極;キョク,ゴク;きわ.める,きわ.まる,きわ.まり,きわ.み,き.める,-ぎ.め,き.まる;poles, settlement, conclusion, end, highest rank, electric poles, very, extremely, most, highly, 10**48
玉;ギョク;たま,たま-,-だま;jewel, ball
均;キン;なら.す;level, average
禁;キン;;prohibition, ban, forbid
区;ク,オウ,コウ;;ward, district
隅;グウ;すみ;corner, nook
掘;クツ;ほ.る;dig, delve, excavate
訓;クン,キン;おし.える,よ.む,くん.ずる;instruction, Japanese character reading, explanation, read
群;グン;む.れる,む.れ,むら,むら.がる;flock, group, crowd, herd, swarm, cluster
軍;グン;;army, force, troops, war, battle
傾;ケイ;かたむ.く,かたむ.ける,かたぶ.く,かた.げる,かし.げる;lean, incline, tilt, trend, wane, sink, ruin, bias
型;ケイ;かた,-がた;mould, type, model
敬;ケイ,キョウ;うやま.う;awe, respect, honor, revere
軽;ケイ;かる.い,かろ.やか,かろ.んじる;lightly, trifling, unimportant
芸;ゲイ,ウン;う.える,のり,わざ;technique, art, craft, performance, acting, trick, stunt
劇;ゲキ;;drama, play
血;ケツ;ち;blood
券;ケン;;ticket
県;ケン;か.ける;prefecture
肩;ケン;かた;shoulder
賢;ケン;かしこ.い;intelligent, wise, wisdom, cleverness
軒;ケン;のき;flats, counter for houses, eaves
減;ゲン;へ.る,へ.らす;dwindle, decrease, reduce, decline, curtail, get hungry
個;コ,カ;;individual, counter for articles
固;コ;かた.める,かた.まる,かた.まり,かた.い;harden, set, clot, curdle
庫;コ,ク;くら;warehouse, storehouse
戸;コ;と;door, counter for houses, door radical (no. 63)
枯;コ;か.れる,か.らす;wither, die, dry up, be seasoned
湖;コ;みずうみ;lake
雇;コ;やと.う;employ, hire
効;コウ;き.く,ききめ,なら.う;merit, efficacy, efficiency, benefit
厚;コウ;あつ.い,あか;thick, heavy, rich, kind, cordial, brazen, shameless
硬;コウ;かた.い;stiff, hard
紅;コウ,ク;べに,くれない,あか.い;crimson, deep red
耕;コウ;たがや.す;till, plow, cultivate
肯;コウ;がえんじ.る;agreement, consent, comply with
航;コウ;;navigate, sail, cruise, fly
荒;コウ;あら.い,あら-,あ.れる,あ.らす,-あ.らし,すさ.む;laid waste, rough, rude, wild
講;コウ;;lecture, club, association
郊;コウ;;outskirts, suburbs, rural area
鉱;コウ;あらがね;mineral, ore
香;コウ,キョウ;か,かお.り,かお.る;incense, smell, perfume
腰;ヨウ;こし;loins, hips, waist, low wainscoting
骨;コツ;ほね;skeleton, bone, remains, frame
根;コン;ね,-ね;root, radical, head (pimple)
混;コン;ま.じる,-ま.じり,ま.ざる,ま.ぜる,こ.む;mix, blend, confuse
査;サ;;investigate
砂;サ,シャ;すな;sand
再;サイ,サ;ふたた.び;again, twice, second time
採;サイ;と.る;pick, take, fetch, take up
祭;サイ;まつ.る,まつ.り,まつり;ritual, offer prayers, celebrate, deify, enshrine, worship
細;サイ;ほそ.い,ほそ.る,こま.か,こま.かい;dainty, get thin, taper, slender, narrow
菜;サイ;な;vegetable, side dish, greens
材;ザイ;;lumber, log, timber, wood, talent
坂;ハン;さか;slope, incline, hill
咲;ショウ;さ.く,-ざき;blossom, bloom
冊;サツ,サク;ふみ;tome, counter for books, volume
刷;サツ;す.る,-ず.り,-ずり,は.く;printing, print
札;サツ;ふだ;tag, paper money, counter for bonds, placard, bid
皿;ベイ;さら;dish, a helping, plate
算;サン;そろ;calculate, divining, number, abacus, probability
伺;シ;うかが.う;pay respects, visit, ask, inquire, question, implore
刺;シ;さ.す,さ.さる,さ.し,さし,とげ;thorn, pierce, stab, prick, sting, calling card
史;シ;;history, chronicle
枝;シ;えだ;bough, branch, twig, limb, counter for branches
糸;シ;いと;thread
脂;シ;あぶら;fat, grease, tallow, lard, rosin, gum, tar
詞;シ;;part of speech, words, poetry
誌;シ;;document, records
児;ジ,ニ,ゲイ;こ,-こ,-っこ;newborn babe, child, young of animals
寺;ジ;てら;Buddhist temple
湿;シツ,シュウ;しめ.る,しめ.す,うるお.う,うるお.す;damp, wet, moist
捨;シャ;す.てる;discard, throw away, abandon, resign, reject, sacrifice
弱;ジャク;よわ.い,よわ.る,よわ.まる,よわ.める;weak, frail
周;シュウ;まわ.り;circumference, circuit, lap
州;シュウ,ス;す;state, province
拾;シュウ,ジュウ;ひろ.う;pick up, gather, find, go on foot, ten
舟;シュウ;ふね,ふな-,-ぶね;boat, ship
柔;ジュウ,ニュウ;やわ.らか,やわ.らかい,やわ,やわ.ら;tender, weakness, gentleness, softness
祝;シュク,シュウ;いわ.う;celebrate, congratulate
述;ジュツ;の.べる;mention, state, speak, relate
準;ジュン;じゅん.じる,じゅん.ずる,なぞら.える,のり,ひと.しい,みずもり;semi-, correspond to, proportionate to, conform, imitate
純;ジュン;;genuine, purity, innocence, net (profit)
順;ジュン;;obey, order, turn, right, docility, occasion
署;ショ;;signature, govt office, police station
諸;ショ;もろ;various, many, several, together
召;ショウ;め.す;seduce, call, send for, wear, put on, ride in, buy, eat, drink, catch (cold)
将;ショウ,ソウ;まさ.に,はた,まさ,ひきい.る,もって;leader, commander, general, admiral, or, and again, soon, from now on, just about
床;ショウ;とこ,ゆか;bed, counter for beds, floor, padding, tatami
承;ショウ,ジョウ;うけたまわ.る,う.ける,ささ.げる,とど.める,たす.ける,こ.らす,つい.で,すく.う;acquiesce, hear, listen to, be informed, receive
昇;ショウ;のぼ.る;rise up
焼;ショウ;や.く,や.き,や.き-,-や.き,や.ける;bake, burning
照;ショウ;て.る,て.らす,て.れる;illuminate, shine, compare, bashful
省;セイ,ショウ;かえり.みる,はぶ.く;focus, government ministry, conserve
章;ショウ;;badge, chapter, composition, poem, design
紹;ショウ;;introduce, inherit, help
象;ショウ,ゾウ;かたど.る;elephant, pattern after, imitate, image, shape, sign (of the times)
賞;ショウ;ほ.める;prize, reward, praise
城;ジョウ;しろ;castle
畳;ジョウ,チョウ;たた.む,たたみ,かさ.なる;tatami mat, counter for tatami mats, fold, shut up, do away with
蒸;ジョウ,セイ;む.す,む.れる,む.らす;steam, heat, sultry, foment, get musty
植;ショク;う.える,う.わる;plant
触;ショク;ふ.れる,さわ.る,さわ;contact, touch, feel, hit, proclaim, announce, conflict
伸;シン;の.びる,の.ばす,の.べる,の.す;expand, stretch, extend, lengthen, increase
森;シン;もり;forest, woods
臣;シン,ジン;;retainer, subject
辛;シン;から.い,つら.い,-づら.い,かのと;spicy, bitter, hot, acrid
針;シン;はり;needle, pin, staple, stinger
震;シン;ふる.う,ふる.える;quake, shake, tremble, quiver, shiver
勢;セイ,ゼイ;いきお.い,はずみ;forces, energy, military strength
姓;セイ,ショウ;;surname
星;セイ,ショウ;ほし,-ぼし;star, spot, dot, mark
清;セイ,ショウ,シン;きよ.い,きよ.まる,きよ.める;pure, purify, cleanse, exorcise, Manchu dynasty
税;ゼイ;;tax, duty
隻;セキ;;vessels, counter for ships, fish, birds, arrows, one of a pair
籍;セキ;;enroll, domiciliary register, membership
績;セキ;;exploits, unreeling cocoons
跡;セキ;あと;tracks, mark, print, impression
接;セツ,ショウ;つ.ぐ;touch, contact, adjoin, piece together
設;セツ;もう.ける;establishment, provision, prepare
占;セン;し.める,うらな.う;fortune-telling, divining, forecasting, occupy, hold, have, get, take
専;セン;もっぱ.ら;specialty, exclusive, mainly, solely
泉;セン;いずみ;spring, fountain
浅;セン;あさ.い;shallow, superficial, frivolous, wretched, shameful
線;セン;すじ;line, track
双;ソウ;ふた,たぐい,ならぶ,ふたつ;pair, set, comparison, counter for pairs
層;ソウ;;stratum, social class, layer, story, floor
捜;ソウ,シュ,シュウ;さが.す;search, look for, locate
掃;ソウ,シュ;は.く;sweep, brush
燥;ソウ;はしゃ.ぐ;parch, dry up
総;ソウ;す.べて,すべ.て,ふさ;general, whole, all, full, total
装;ソウ,ショウ;よそお.う,よそお.い;attire, dress, pretend, disguise, profess
像;ゾウ;;statue, picture, image, figure, portrait
憎;ゾウ;にく.む,にく.い,にく.らしい,にく.しみ;hate, detest
臓;ゾウ;はらわた;entrails, viscera, bowels
蔵;ゾウ,ソウ;くら,おさ.める,かく.れる;storehouse, hide, own, have, possess
贈;ゾウ,ソウ;おく.る;presents, send, give to, award to, confer on, presenting something
造;ゾウ;つく.る,つく.り,-づく.り;create, make, structure, physique
則;ソク;のっと.る;rule, follow, based on, model after
測;ソク;はか.る;fathom, plan, scheme, measure
卒;ソツ,シュツ;そっ.する,お.える,お.わる,ついに,にわか;graduate, soldier, private, die
孫;ソン;まご;grandchild, descendants
尊;ソン;たっと.い,とうと.い,たっと.ぶ,とうと.ぶ;revered, valuable, precious, noble, exalted
損;ソン;そこ.なう,そこな.う,-そこ.なう,そこ.ねる,-そこ.ねる;damage, loss, disadvantage, hurt, injure
村;ソン;むら;village, town
帯;タイ;お.びる,おび;sash, belt, obi, zone, region
替;タイ;か.える,か.え-,か.わる;exchange, spare, substitute, per-
袋;タイ,ダイ;ふくろ;sack, bag, pouch
濯;タク;すす.ぐ,ゆす.ぐ;laundry, wash, pour on, rinse
谷;コク;たに,きわ.まる;valley
担;タン;かつ.ぐ,にな.う;shouldering, carry, raise, bear
炭;タン;すみ;charcoal, coal
短;タン;みじか.い;short, brevity, fault, defect, weak point
団;ダン,トン;かたまり,まる.い;group, association
池;チ;いけ;pond, cistern, pool, reservoir
築;チク;きず.く;fabricate, build, construct
畜;チク;;livestock, domestic fowl and animals
竹;チク;たけ;bamboo
仲;チュウ;なか;go-between, relationship
柱;チュウ;はしら;pillar, post, cylinder, support
虫;チュウ,キ;むし;insect, bug, temper
駐;チュウ;;stop-over, reside in, resident
著;チョ,チャク;あらわ.す,いちじる.しい;renowned, publish, write, remarkable, phenomenal, put on, don, wear, arrival, finish (race), counter for suits of clothing, literary work
貯;チョ;た.める,たくわ.える;savings, store, lay in, keep, wear mustache
兆;チョウ;きざ.す,きざ.し;portent, 10**12, trillion, sign, omen, symptoms
庁;チョウ,テイ;やくしょ;government office
超;チョウ;こ.える,こ.す;transcend, super-, ultra-
沈;チン,ジン;しず.む,しず.める;sink, be submerged, subside, be depressed, aloes
珍;チン;めずら.しい,たから;rare, curious, strange
低;テイ;ひく.い,ひく.める,ひく.まる;lower, short, humble
停;テイ;と.める,と.まる;halt, stopping
底;テイ;そこ;bottom, sole, depth, bottom price, base, kind, sort
泥;デイ,ナイ,デ,ニ;どろ;mud, mire, adhere to, be attached to
滴;テキ;しずく,したた.る;drip, drop
鉄;テツ;くろがね;iron
殿;デン,テン;との,-どの;Mr., hall, mansion, palace, temple, lord
塗;ト;ぬ.る,ぬ.り,まみ.れる;paint, plaster, daub, smear, coating
党;トウ;なかま,むら;party, faction, clique
凍;トウ;こお.る,こご.える,こご.る,い.てる,し.みる;frozen, congeal, refrigerate
塔;トウ;;pagoda, tower, steeple
島;トウ;しま;island
湯;トウ;ゆ;hot water, bath, hot spring
灯;トウ;ひ,ほ-,ともしび,とも.す,あかり;lamp, a light, light, counter for lights
筒;トウ;つつ;cylinder, pipe, tube, gun barrel, sleeve
導;ドウ;みちび.く;guidance, leading, conduct, usher
童;ドウ;わらべ;juvenile, child
銅;ドウ;あかがね;copper
毒;ドク;;poison, virus, venom, germ, harm, injury, spite
届;カイ;とど.ける,-とど.け,とど.く;deliver, reach, arrive, report, notify, forward
曇;ドン;くも.る;cloudy weather, cloud up
鈍;ドン;にぶ.い,にぶ.る,にぶ-,なま.る,なまく.ら;dull, slow, foolish, blunt
軟;ナン;やわ.らか,やわ.らかい;soft
乳;ニュウ;ちち,ち;milk, breasts
燃;ネン;も.える,も.やす,も.す;burn, blaze, glow
悩;ノウ;なや.む,なや.ます,なや.ましい,なやみ;trouble, worry, in pain, distress, illness
濃;ノウ;こ.い;concentrated, thick, dark, undiluted
脳;ノウ,ドウ;のうずる;brain, memory
農;ノウ;;agriculture, farmers
波;ハ;なみ;waves, billows, Poland
拝;ハイ;おが.む,おろが.む;worship, adore, pray to
倍;バイ;;double, twice, times, fold
泊;ハク;と.まる,と.める;overnight, put up at, ride at anchor, 3-day stay
薄;ハク;うす.い,うす-,-うす,うす.める,うす.まる,うす.らぐ,うす.ら-,うす.れる,すすき;dilute, thin, weak (tea)
爆;バク;は.ぜる;bomb, burst open, pop, split
麦;バク;むぎ;barley, wheat
肌;キ;はだ;texture, skin, body, grain
板;ハン,バン;いた;plank, board, plate, stage
版;ハン;;printing block, printing plate, edition, impression, label
般;ハン;;carrier, carry, all
販;ハン;;marketing, sell, trade
比;ヒ;くら.べる;compare, race, ratio, Philipines
皮;ヒ;かわ;pelt, skin, hide, leather, skin radical (no. 107)
被;ヒ;こうむ.る,おお.う,かぶ.る,かぶ.せる;incur, cover, veil, brood over, shelter, wear, put on, be exposed (film), receiving
鼻;ビ;はな;nose, snout
匹;ヒツ;ひき;equal, head, counter for small animals, roll of cloth
筆;ヒツ;ふで;writing brush, writing, painting brush, handwriting
氷;ヒョウ;こおり,ひ,こお.る;icicle, ice, hail, freeze, congeal
秒;ビョウ;;second (1/60 minute)
瓶;ビン;かめ;flower pot, bottle, vial, jar, jug, vat, urn
布;フ;ぬの;linen, cloth
府;フ;;borough, urban prefecture, govt office, representative body, storehouse
普;フ;あまね.く,あまねし;universal, wide(ly), generally, Prussia
符;フ;;token, sign, mark, tally, charm
膚;フ;はだ;skin, body, grain, texture, disposition
武;ブ,ム;たけ.し;warrior, military, chivalry, arms
封;フウ,ホウ;;seal, closing
副;フク;;vice-, duplicate, copy
復;フク;また;restore, return to, revert, resume
幅;フク;はば;hanging scroll, width
複;フク;;duplicate, double, compound, multiple
沸;フツ;わ.く,わ.かす;seethe, boil, ferment, uproar, breed
仏;ブツ,フツ;ほとけ;Buddha, the dead, France
粉;フン;デシメートル,こ,こな;flour, powder, dust
兵;ヘイ,ヒョウ;つわもの;soldier, private, troops, army, warfare, strategy, tactics
並;ヘイ,ホウ;な.み,なら.べる,なら.ぶ,なら.びに;row, and, besides, as well as, line up, rank with, rival, equal
片;ヘン;かた-,かた;one-sided, leaf, sheet, right-side kata radical (no. 91)
編;ヘン;あ.む,-あ.み;compilation, knit, plait, braid, twist, editing, completed poem, part of a book
辺;ヘン;あた.り,ほと.り,-べ;environs, boundary, border, vicinity
補;ホ;おぎな.う;supplement, supply, make good, offset, compensate, assistant, learner
募;ボ;つの.る;recruit, campaign, gather (contributions), enlist, grow violent
包;ホウ;つつ.む,くる.む;wrap, pack up, cover, conceal
宝;ホウ;たから;treasure, wealth, valuables
豊;ホウ,ブ;ゆた.か,とよ;bountiful, excellent, rich
帽;ボウ,モウ;ずきん,おお.う;cap, headgear
暴;ボウ,バク;あば.く,あば.れる;outburst, rave, fret, force, violence, cruelty, outrage
棒;ボウ;;rod, stick, cane, pole, club, line
貿;ボウ;;trade, exchange
防;ボウ;ふせ.ぐ;ward off, defend, protect, resist
磨;マ;みが.く,す.る;grind, polish, scour, improve, brush (teeth)
埋;マイ;う.める,う.まる,う.もれる,うず.める,うず.まる,い.ける;bury, be filled up, embedded
枚;マイ,バイ;;sheet of..., counter for flat thin objects or sheets
綿;メン;わた;cotton
毛;モウ;け;fur, hair, feather, down
門;モン;かど,と;gate, counter for cannons
油;ユ,ユウ;あぶら;oil, fat
輸;ユ,シュ;;transport, send, be inferior
勇;ユウ;いさ.む;courage, cheer up, be in high spirits, bravery, heroism
郵;ユウ;;mail, stagecoach stop
預;ヨ;あず.ける,あず.かる;deposit, custody, leave with, entrust to
幼;ヨウ;おさな.い;infancy, childhood
溶;ヨウ;と.ける,と.かす,と.く;melt, dissolve, thaw
踊;ヨウ;おど.る;jump, dance, leap, skip
浴;ヨク;あ.びる,あ.びせる;bathe, be favored with, bask in
翌;ヨク;;the following, next
絡;ラク;から.む,から.まる;entwine, coil around, get caught in
乱;ラン,ロン;みだ.れる,みだ.る,みだ.す,みだ,おさ.める,わた.る;riot, war, disorder, disturb
卵;ラン;たまご;egg, ovum, spawn, roe
裏;リ;うら;back, amidst, in, reverse, inside, palm, sole, rear, lining, wrong side
陸;リク,ロク;おか;land, six
律;リツ,リチ,レツ;;rhythm, law, regulation, gauge, control
略;リャク;ほぼ,おか.す,おさ.める,はかりごと,はか.る,はぶ.く,りゃく.す,りゃく.する;abbreviation, omission, outline, shorten, capture, plunder
粒;リュウ;つぶ;grains, drop, counter for tiny particles
了;リョウ;;complete, finish
涼;リョウ;すず.しい,すず.む,すず.やか,うす.い,ひや.す,まことに;refreshing, nice and cool
療;リョウ;;heal, cure
量;リョウ;はか.る;quantity, measure, weight, amount, consider, estimate, surmise
領;リョウ;えり;jurisdiction, dominion, territory, fief, reign
緑;リョク,ロク;みどり;green
林;リン;はやし;grove, forest
輪;リン;わ;wheel, ring, circle, link, loop, counter for wheels and flowers
涙;ルイ,レイ;なみだ;tears, sympathy
令;レイ;;orders, ancient laws, command, decree
零;レイ;ぜろ,こぼ.す,こぼ.れる;zero, spill, overflow, nothing, cipher
齢;レイ;よわい,とし;age
歴;レキ,レッキ;;curriculum, continuation, passage of time
恋;レン;こ.う,こい,こい.しい;romance, in love, yearn for, miss, darling
練;レン;ね.る,ね.り;practice, gloss, train, drill, polish, refine
録;ロク;;record
湾;ワン;いりえ;gulf, bay, inlet
腕;ワン;うで;arm, ability, talent
愛;アイ;いと.しい,かな.しい,め.でる,お.しむ,まな;love, affection, favourite
暗;アン;くら.い,くら.む,くれ.る;darkness, disappear, shade, informal, grow dark, be blinded
位;イ;くらい,ぐらい;rank, grade, throne, crown, about, some
偉;イ;えら.い;admirable, greatness, remarkable, conceited, famous, excellent
易;エキ,イ;やさ.しい,やす.い;easy, ready to, simple, fortune-telling, divination
違;イ;ちが.う,ちが.い,ちが.える,-ちが.える,たが.う,たが.える;difference, differ
育;イク;そだ.つ,そだ.ち,そだ.てる,はぐく.む;bring up, grow up, raise, rear
因;イン;よ.る,ちな.む;cause, factor, be associated with, depend on, be limited to
引;イン;ひ.く,ひ.き,ひ.き-,-び.き,ひ.ける;pull, tug, jerk, admit, install, quote, refer to
泳;エイ;およ.ぐ;swim
越;エツ,オツ;こ.す,-こ.す,-ご.し,こ.える,-ご.え;surpass, cross over, move to, exceed, Vietnam
園;エン;その;park, garden, yard, farm
演;エン;;performance, act, play, render, stage
煙;エン;けむ.る,けむり,けむ.い;smoke
遠;エン,オン;とお.い;distant, far
押;オウ;お.す,お.し-,お.っ-,お.さえる,おさ.える;push, stop, check, subdue, attach, seize, weight, shove, press, seal, do in spite of
横;オウ;よこ;sideways, side, horizontal, width, woof
王;オウ,-ノウ;;king, rule, magnate
化;カ,ケ;ば.ける,ば.かす,ふ.ける,け.する;change, take the form of, influence, enchant, delude, -ization
加;カ;くわ.える,くわ.わる;add, addition, increase, join, include, Canada
科;カ;;department, course, section
果;カ;は.たす,はた.す,-は.たす,は.てる,-は.てる,は.て;fruit, reward, carry out, achieve, complete, end, finish, succeed
過;カ;す.ぎる,-す.ぎる,-す.ぎ,す.ごす,あやま.つ,あやま.ち,よ.ぎる;overdo, exceed, go beyond, error
解;カイ,ゲ;と.く,と.かす,と.ける,ほど.く,ほど.ける,わか.る,さと.る;unravel, notes, key, explanation, understanding, untie, undo, solve, answer, cancel, absolve, explain, minute
回;カイ,エ;まわ.る,-まわ.る,-まわ.り,まわ.す,-まわ.す,まわ.し-,-まわ.し,もとお.る,か.える;-times, round, game, revolve, counter for occurrences
皆;カイ;みな,みんな;all, everything
絵;カイ,エ;;picture, drawing, painting, sketch
害;ガイ;;harm, injury
格;カク,コウ,キャク,ゴウ;;status, rank, capacity, character, case (law, grammar)
確;カク,コウ;たし.か,たし.かめる;assurance, firm, tight, hard, solid, confirm, clear, evident
覚;カク;おぼ.える,さ.ます,さ.める,さと.る;memorize, learn, remember, awake, sober up
掛;カイ,ケイ;か.ける,-か.ける,か.け,-か.け,-が.け,か.かる,-か.かる,-が.かる,か.かり,-が.かり,かかり,-がかり;hang, suspend, depend, arrive at, tax, pour
割;カツ;わ.る,わり,わ.り,わ.れる,さ.く;proportion, comparatively, divide, cut, separate, split
活;カツ;い.きる,い.かす,い.ける;lively, resuscitation, being helped, living
寒;カン;さむ.い;cold
完;カン;;perfect, completion, end
官;カン;;bureaucrat, the government
感;カン;;emotion, feeling, sensation
慣;カン;な.れる,な.らす;accustomed, get used to, become experienced
観;カン;み.る,しめ.す;outlook, look, appearance, condition, view
関;カン;せき,-ぜき,かか.わる,からくり,かんぬき;connection, barrier, gateway, involve, concerning
顔;ガン;かお;face, expression
願;ガン;ねが.う,-ねがい;petition, request, vow, wish, hope
危;キ;あぶ.ない,あや.うい,あや.ぶむ;dangerous, fear, uneasy
喜;キ;よろこ.ぶ,よろこ.ばす;rejoice, take pleasure in
寄;キ;よ.る,-よ.り,よ.せる;draw near, stop in, bring near, gather, collect, send, forward
幾;キ;いく-,いく.つ,いく.ら;how many, how much, how far, how long
期;キ,ゴ;;period, time, date, term
機;キ;はた;mechanism, opportunity, occasion, machine, airplane
規;キ;;standard, measure
記;キ;しる.す;scribe, account, narrative
疑;ギ;うたが.う;doubt, distrust, be suspicious, question
議;ギ;;deliberation, consultation, debate, consideration
客;キャク,カク;;guest, visitor, customer, client
吸;キュウ;す.う;suck, imbibe, inhale, sip
求;キュウ,グ;もと.める;request, want, wish for, require, demand
球;キュウ;たま;ball, sphere
給;キュウ;たま.う,たも.う,-たま.え;salary, wage, gift, allow, grant, bestow on
居;キョ,コ;い.る,-い,お.る;reside, to be, exist, live with
許;キョ;ゆる.す,もと;permit, approve
供;キョウ,ク,クウ,グ;そな.える,とも,-ども;submit, offer, present, serve (meal), accompany
共;キョウ;とも,とも.に,-ども;together, both, neither, all, and, alike, with
恐;キョウ;おそ.れる,おそ.る,おそ.ろしい,こわ.い,こわ.がる;fear, dread, awe
局;キョク;つぼね;bureau, board, office, affair, conclusion, court lady, lady-in-waiting, her apartment
曲;キョク;ま.がる,ま.げる,くま;bend, music, melody, composition, pleasure, injustice, fault, curve, crooked, perverse, lean
勤;キン,ゴン;つと.める,-づと.め,つと.まる,いそ.しむ;diligence, become employed, serve
苦;ク;くる.しい,-ぐる.しい,くる.しむ,くる.しめる,にが.い,にが.る;suffering, trial, worry, hardship, feel bitter, scowl
具;グ;そな.える,つぶさ.に;tool, utensil, means, possess, ingredients, counter for armor, suits, sets of furniture
偶;グウ;たま;accidentally, even number, couple, man & wife, same kind
靴;カ;くつ;shoes
君;クン;きみ,-ぎみ;old boy, name-suffix
係;ケイ;かか.る,かかり,-がかり,かか.わる;person in charge, connection, duty, concern oneself
形;ケイ,ギョウ;かた,-がた,かたち,なり;shape, form, style
景;ケイ;;scenery, view
経;ケイ,キョウ;へ.る,た.つ,たていと,はか.る,のり;sutra, longitude, pass thru, expire, warp
警;ケイ;いまし.める;admonish, commandment
迎;ゲイ;むか.える;welcome, meet, greet
欠;ケツ,ケン;か.ける,か.く;lack, gap, fail, yawning radical (no. 76)
決;ケツ;き.める,-ぎ.め,き.まる,さ.く;decide, fix, agree upon, appoint
件;ケン;くだん;affair, case, matter, item
権;ケン,ゴン;おもり,かり,はか.る;authority, power, rights
険;ケン;けわ.しい;precipitous, inaccessible place, impregnable position, steep place, sharp eyes
原;ゲン;はら;meadow, original, primitive, field, plain, prairie, tundra, wilderness
現;ゲン;あらわ.れる,あらわ.す,うつつ,うつ.つ;present, existing, actual
限;ゲン;かぎ.る,かぎ.り,-かぎ.り;limit, restrict, to best of ability
呼;コ;よ.ぶ;call, call out to, invite
互;ゴ;たが.い,かたみ.に;mutually, reciprocally, together
御;ギョ,ゴ;おん-,お-,み-;honorable, manipulate, govern
誤;ゴ;あやま.る,-あやま.る;mistake, err, do wrong, mislead
交;コウ;まじ.わる,まじ.える,ま.じる,まじ.る,ま.ざる,ま.ぜる,-か.う,か.わす,かわ.す,こもごも;mingle, mixing, association, coming & going
候;コウ;そうろう;climate, season, weather
光;コウ;ひか.る,ひかり;ray, light
向;コウ;む.く,む.い,-む.き,む.ける,-む.け,む.かう,む.かい,む.こう,む.こう-,むこ,むか.い;yonder, facing, beyond, confront, defy, tend toward, approach
好;コウ;この.む,す.く,よ.い,い.い;fond, pleasing, like something
幸;コウ;さいわ.い,さち,しあわ.せ;happiness, blessing, fortune
更;コウ;さら,さら.に,ふ.ける,ふ.かす;grow late, night watch, sit up late, of course
構;コウ;かま.える,かま.う;posture, build, pretend
港;コウ;みなと;harbor
降;コウ,ゴ;お.りる,お.ろす,ふ.る,ふ.り,くだ.る,くだ.す;descend, precipitate, fall, surrender
号;ゴウ;さけ.ぶ,よびな;nickname, number, item, title, pseudonym, name, call
合;ゴウ,ガッ,カッ;あ.う,-あ.う,あ.い,あい-,-あ.い,-あい,あ.わす,あ.わせる,-あ.わせる;fit, suit, join, 0.1
刻;コク;きざ.む,きざ.み;engrave, cut fine, chop, hash, mince, time, carving
告;コク;つ.げる;revelation, tell, inform, announce
込;;-こ.む,こ.む,こ.み,-こ.み,こ.める;crowded, mixture, in bulk, included
困;コン;こま.る;quandary, become distressed, annoyed
婚;コン;;marriage
差;サ;さ.す,さ.し;distinction, difference, variation, discrepancy, margin, balance
座;ザ;すわ.る;squat, seat, cushion, gathering, sit
最;サイ,シュ;もっと.も,つま;utmost, most, extreme
妻;サイ;つま;wife, spouse
才;サイ;;genius, years old, cubic shaku
歳;サイ,セイ;とし,とせ,よわい;year-end, age, occasion, opportunity
済;サイ,セイ;す.む,-ず.み,-ずみ,す.まない,す.ます,-す.ます,すく.う,な.す,わたし,わた.る;finish, come to an end, excusable, need not
際;サイ;きわ,-ぎわ;occasion, side, edge, verge, dangerous, adventurous, indecent, time, when
在;ザイ;あ.る;exist, outskirts, suburbs, located in
罪;ザイ;つみ;guilt, sin, crime, fault, blame, offense
財;ザイ,サイ,ゾク;たから;property, money, wealth, assets
昨;サク;;yesterday, previous
察;サツ;;guess, presume, surmise, judge, understand
殺;サツ,サイ,セツ;ころ.す,-ごろ.し,そ.ぐ;kill, murder, butcher, slice off, split, diminish, reduce, spoil
雑;ザツ,ゾウ;まじ.える,まじ.る;miscellaneous
参;サン,シン;まい.る,まい-,まじわる,みつ;nonplussed, three, going, coming, visiting, visit, be defeated, die, be madly in love
散;サン;ち.る,ち.らす,-ち.らす,ち.らかす,ち.らかる,ばら;scatter, disperse, spend, squander
産;サン;う.む,う.まれる,うぶ-,む.す;products, bear, give birth, yield, childbirth, native, property
賛;サン;たす.ける,たた.える;approve, praise, title or inscription on picture, assist, agree with
残;ザン,サン;のこ.る,のこ.す,そこな.う,のこ.り;remainder, leftover, balance
市;シ;いち;market, city, town
師;シ,ス;もろもろ,なら.う;expert, teacher, master, model, exemplar, army (incl. counter), war
指;シ;ゆび,さ.す,-さ.し;finger, point to, indicate, put into, play (chess), measure (ruler)
支;シ;ささ.える,つか.える,か.う;branch, support, sustain, branch radical (no. 65)
資;シ;;assets, resources, capital, funds, data, be conducive to, contribute to
歯;シ;よわい,は,よわ.い,よわい.する;tooth, cog
似;ジ;に.る,ひ.る;becoming, resemble, counterfeit, imitate, suitable
次;ジ,シ;つ.ぐ,つぎ;next, order, sequence
治;ジ,チ;おさ.める,おさ.まる,なお.る,なお.す;reign, be at peace, calm down, subdue, quell, govt, cure, heal, rule, conserve
示;ジ,シ;しめ.す;show, indicate, point out, express, display
耳;ジ;みみ;ear
辞;ジ;や.める,いな.む;resign, word, term, expression
式;シキ;;style, ceremony, rite, function, method, system, form, expression
識;シキ;し.る,しる.す;discriminating, know, write
失;シツ;うしな.う,う.せる;lose, error, fault, disadvantage, loss
実;ジツ,シツ;み,みの.る,まこと,まことに,みの,みち.る;reality, truth
若;ジャク,ニャク,ニャ;わか.い,わか-,も.しくわ,も.し,も.しくは,ごと.し;young, if, perhaps, possibly, low number, immature
取;シュ;と.る,と.り,と.り-,とり,-ど.り;take, fetch, take up
守;シュ,ス;まも.る,まも.り,もり,-もり,かみ;guard, protect, defend, obey
種;シュ;たね,-ぐさ;species, kind, class, variety, seed
酒;シュ;さけ,さか-;sake, alcohol
首;シュ;くび;neck, counter for songs and poems
受;ジュ;う.ける,-う.け,う.かる;accept, undergo, answer (phone), take, get, catch, receive
収;シュウ;おさ.める,おさ.まる;income, obtain, reap, pay, supply, store
宿;シュク;やど,やど.る,やど.す;inn, lodging, relay station, dwell, lodge, be pregnant, home, dwelling
術;ジュツ;すべ;art, technique, skill, means, trick, resources, magic
処;ショ;ところ,-こ,お.る;dispose, manage, deal with, sentence, condemn, act, behave, place
初;ショ;はじ.め,はじ.めて,はつ,はつ-,うい-,-そ.める,-ぞ.め;first time, beginning
所;ショ;ところ,-ところ,どころ,とこ;place
緒;ショ,チョ;お,いとぐち;thong, beginning, inception, end, cord, strap
助;ジョ;たす.ける,たす.かる,す.ける,すけ;help, rescue, assist
除;ジョ,ジ;のぞ.く,-よ.け;exclude, division (x/3), remove, abolish, cancel, except
勝;ショウ;か.つ,-が.ち,まさ.る,すぐ.れる,かつ;victory, win, prevail, excel
商;ショウ;あきな.う;make a deal, selling, dealing in, merchant
招;ショウ;まね.く;beckon, invite, summon, engage
消;ショウ;き.える,け.す;extinguish, blow out, turn off, neutralize, cancel
笑;ショウ;わら.う,え.む;laugh
乗;ジョウ,ショウ;の.る,-の.り,の.せる;ride, power, multiplication, record, counter for vehicles, board, mount, join
常;ジョウ;つね,とこ-;usual, ordinary, normal, regular
情;ジョウ,セイ;なさ.け;feelings, emotion, passion, sympathy, circumstances, facts
状;ジョウ;;status quo, conditions, circumstances, form, appearance
職;ショク,ソク;;post, employment, work
信;シン;;faith, truth, fidelity, trust
寝;シン;ね.る,ね.かす,い.ぬ,みたまや,や.める;lie down, sleep, rest, bed, remain unsold
深;シン;ふか.い,-ぶか.い,ふか.まる,ふか.める,み-;deep, heighten, intensify, strengthen
申;シン;もう.す,もう.し-,さる;have the honor to, sign of the monkey, 3-5PM, ninth sign of Chinese zodiac
神;シン,ジン;かみ,かん-,こう-;gods, mind, soul
進;シン;すす.む,すす.める;advance, proceed, progress, promote
吹;スイ;ふ.く;blow, breathe, puff, emit, smoke
数;スウ,ス,サク,ソク,シュ;かず,かぞ.える,しばしば,せ.める,わずらわ.しい;number, strength, fate, law, figures
制;セイ;;system, law, rule
性;セイ,ショウ;さが;sex, gender, nature
成;セイ,ジョウ;な.る,な.す,-な.す;turn into, become, get, grow, elapse, reach
政;セイ,ショウ;まつりごと,まん;politics, government
晴;セイ;は.れる,は.れ,は.れ-,-ば.れ,は.らす;clear up
精;セイ,ショウ,シヤウ;;refined, ghost, fairy, energy, vitality, semen, excellence, purity, skill
声;セイ,ショウ;こえ,こわ-;voice
静;セイ,ジョウ;しず-,しず.か,しず.まる,しず.める;quiet
席;セキ;むしろ;seat, mat, occasion, place
昔;セキ,シャク;むかし;once upon a time, antiquity, old times
石;セキ,シャク,コク;いし;stone
積;セキ;つ.む,-づ.み,つ.もる,つ.もり;volume, product (x*y), acreage, contents, pile up, stack, load, amass
責;セキ;せ.める;blame, condemn, censure
折;セツ;お.る,おり,お.り,-お.り,お.れる;fold, break, fracture, bend, yield, submit
説;セツ,ゼイ;と.く;rumor, opinion, theory
雪;セツ;ゆき;snow
絶;ゼツ;た.える,た.やす,た.つ;discontinue, beyond, sever, cut off, abstain, interrupt, suppress
戦;セン;いくさ,たたか.う,おのの.く,そよぐ,わなな.く;war, battle, match
洗;セン;あら.う;wash, inquire into, probe
船;セン;ふね,ふな-;ship, boat
選;セン;えら.ぶ;elect, select, choose, prefer
然;ゼン,ネン;しか,しか.り,しか.し,さ;sort of thing, so, if so, in that case, well
全;ゼン;まった.く,すべ.て;whole, entire, all, complete, fulfill
祖;ソ;;ancestor, pioneer, founder
組;ソ;く.む,くみ,-ぐみ;association, braid, plait, construct, assemble, unite, cooperate, grapple
想;ソウ,ソ;おも.う;concept, think, idea, thought
争;ソウ;あらそ.う,いか.でか;contend, dispute, argue
相;ソウ,ショウ;あい-;inter-, mutual, together, each other, minister of state, councillor, aspect, phase, physiognomy
窓;ソウ,ス;まど,てんまど,けむだし;window, pane
草;ソウ;くさ,くさ-,-ぐさ;grass, weeds, herbs, pasture, write, draft
増;ゾウ;ま.す,ま.し,ふ.える,ふ.やす;increase, add, augment, gain, promote
側;ソク;かわ,がわ,そば;side, lean, oppose, regret
息;ソク;いき;breath, respiration, son, interest (on money)
束;ソク;たば,たば.ねる,つか,つか.ねる;bundle, sheaf, ream, tie in bundles, govern, manage, control
速;ソク;はや.い,はや-,はや.める,すみ.やか;quick, fast
続;ゾク,ショク,コウ,キョウ;つづ.く,つづ.ける,つぐ.ない;continue, series, sequel
存;ソン,ゾン;;suppose, be aware of, believe, feel
他;タ;ほか;other, another, the others
太;タイ,タ;ふと.い,ふと.る;plump, thick, big around
打;ダ,ダアス;う.つ,う.ち-,ぶ.つ;strike, hit, knock, pound, dozen
対;タイ,ツイ;あいて,こた.える,そろ.い,つれあ.い,なら.ぶ,むか.う;vis-a-vis, opposite, even, equal, versus, anti-, compare
退;タイ;しりぞ.く,しりぞ.ける,ひ.く,の.く,の.ける,ど.く;retreat, withdraw, retire, resign, repel, expel, reject
宅;タク;;home, house, residence, our house, my husband
達;タツ,ダ;-たち;accomplished, reach, arrive, attain
単;タン;ひとえ;simple, one, single, merely
探;タン;さぐ.る,さが.す;grope, search, look for
断;ダン;た.つ,ことわ.る,さだ.める;severance, decline, refuse, apologize, warn, dismiss, prohibit, decision, judgement, cutting
段;ダン,タン;;grade, steps, stairs
談;ダン;;discuss, talk
値;チ;ね,あたい;price, cost, value
恥;チ;は.じる,はじ,は.じらう,は.ずかしい;shame, dishonor
置;チ;お.く,-お.き;placement, put, set, deposit, leave behind, keep, employ, pawn
遅;チ;おく.れる,おく.らす,おそ.い;slow, late, back, later
調;チョウ;しら.べる,しら.べ,ととの.う,ととの.える;tune, tone, meter, key (music), writing style, prepare, exorcise, investigate
頂;チョウ;いただ.く,いただき;place on the head, receive, top of head, top, summit, peak
直;チョク,ジキ,ジカ;ただ.ちに,なお.す,-なお.す,なお.る,なお.き,す.ぐ;straightaway, honesty, frankness, fix, repair
追;ツイ;お.う;chase, drive away, follow, pursue, meanwhile
痛;ツウ;いた.い,いた.む,いた.ましい,いた.める;pain, hurt, damage, bruise
定;テイ,ジョウ;さだ.める,さだ.まる,さだ.か;determine, fix, establish, decide
庭;テイ;にわ;courtyard, garden, yard
程;テイ;ほど,-ほど;extent, degree, law, formula, distance, limits, amount
適;テキ;かな.う;suitable, occasional, rare, qualified, capable
点;テン;つ.ける,つ.く,た.てる,さ.す,とぼ.す,とも.す,ぼち;spot, point, mark, speck, decimal point
伝;デン,テン;つた.わる,つた.える,つた.う,つだ.う,-づた.い,つて;transmit, go along, walk along, follow, report, communicate, legend, tradition
徒;ト;いたずら,あだ;junior, emptiness, vanity, futility, uselessness, ephemeral thing, gang, set, party, people
渡;ト;わた.る,-わた.る,わた.す;transit, ford, ferry, cross, import, deliver, diameter, migrate
登;トウ,ト,ドウ,ショウ,チョウ;のぼ.る,あ.がる;ascend, climb up
途;ト;みち;route, way, road
都;ト,ツ;みやこ;metropolis, capital
努;ド;つと.める;toil, diligent, as much as possible
怒;ド,ヌ;いか.る,おこ.る;angry, be offended
倒;トウ;たお.れる,-だお.れ,たお.す;overthrow, fall, collapse, drop, break down
投;トウ;な.げる,-な.げ;throw, discard, abandon, launch into, join, invest in, hurl, give up, sell at a loss
盗;トウ;ぬす.む,ぬす.み;steal, rob, pilfer
当;トウ;あ.たる,あ.たり,あ.てる,あ.て,まさ.に,まさ.にべし;hit, right, appropriate, himself
等;トウ;ひと.しい,など,-ら;etc., and so forth, class (first), quality, equal, similar
到;トウ;いた.る;arrival, proceed, reach, attain, result in
逃;トウ;に.げる,に.がす,のが.す,のが.れる;escape, flee, shirk, evade, set free
頭;トウ,ズ,ト;あたま,かしら,-がしら,かぶり;head, counter for large animals
働;ドウ,リュク,リキ,ロク,リョク;はたら.く;work
得;トク;え.る,う.る;gain, get, find, earn, acquire, can, may, able to, profit, advantage, benefit
突;トツ,カ;つ.く;stab, protruding, thrusting, thrust, pierce, prick
内;ナイ,ダイ;うち;inside, within, between, among, house, home
難;ナン;かた.い,-がた.い,むずか.しい,むづか.しい,むつか.しい,-にく.い;difficult, impossible, trouble, accident, defect
任;ニン;まか.せる,まか.す;responsibility, duty, term, entrust to, appoint
認;ニン;みと.める,したた.める;acknowledge, witness, discern, recognize, appreciate, believe
猫;ビョウ;ねこ;cat
熱;ネツ;あつ.い;heat, temperature, fever, mania, passion
念;ネン;;wish, sense, idea, thought, feeling, desire, attention
能;ノウ;よ.く;ability, talent, skill, capacity
破;ハ;やぶ.る,やぶ.れる;rend, rip, tear, break, destroy, defeat, frustrate
馬;バ;うま,うま-,ま;horse
敗;ハイ;やぶ.れる;failure, defeat, reversal
杯;ハイ;さかずき;counter for cupfuls, wine glass, glass, toast
背;ハイ;せ,せい,そむ.く,そむ.ける;stature, height, back, behind, disobey, defy, go back on, rebel
配;ハイ;くば.る;distribute, spouse, exile, rationing
箱;ソウ;はこ;box, chest, case, bin, railway car
髪;ハツ;かみ;hair of the head
抜;バツ,ハツ,ハイ;ぬ.く,-ぬ.く,ぬ.き,ぬ.ける,ぬ.かす,ぬ.かる;slip out, extract, pull out, pilfer, quote, remove, omit
判;ハン,バン;わか.る;judgement, signature, stamp, seal
反;ハン,ホン,タン,ホ;そ.る,そ.らす,かえ.す,かえ.る,-かえ.る;anti-
犯;ハン,ボン;おか.す;crime, sin, offense
晩;バン;;nightfall, night
番;バン;つが.い;turn, number in a series
否;ヒ;いな,いや;negate, no, noes, refuse, decline, deny
彼;ヒ;かれ,かの,か.の;he, that, the
悲;ヒ;かな.しい,かな.しむ;grieve, sad, deplore, regret
疲;ヒ;つか.れる,-づか.れ,つか.らす;exhausted, tire, weary
費;ヒ;つい.やす,つい.える;expense, cost, spend, consume, waste
非;ヒ;あら.ず;un-, mistake, negative, injustice, non-
飛;ヒ;と.ぶ,と.ばす,-と.ばす;fly, skip (pages), scatter
備;ビ;そな.える,そな.わる,つぶさ.に;equip, provision, preparation
美;ビ,ミ;うつく.しい;beauty, beautiful
必;ヒツ;かなら.ず;invariably, certain, inevitable
表;ヒョウ;おもて,-おもて,あらわ.す,あらわ.れる,あら.わす;surface, table, chart, diagram
貧;ヒン,ビン;まず.しい;poverty, poor
付;フ;つ.ける,-つ.ける,-づ.ける,つ.け,つ.け-,-つ.け,-づ.け,-づけ,つ.く,-づ.く,つ.き,-つ.き,-つき,-づ.き,-づき;adhere, attach, refer to, append
夫;フ,フウ,ブ;おっと,それ;husband, man
婦;フ;よめ;lady, woman, wife, bride
富;フ,フウ;と.む,とみ;wealth, enrich, abundant
怖;フ,ホ;こわ.い,こわ.がる,お.じる,おそ.れる;dreadful, be frightened, fearful
浮;フ;う.く,う.かれる,う.かぶ,む,う.かべる;floating, float, rise to surface
負;フ;ま.ける,ま.かす,お.う;defeat, negative, -, minus, bear, owe, assume a responsibility
舞;ブ;ま.う,-ま.う,まい;dance, flit, circle, wheel
部;ブ;-べ;section, bureau, dept, class, copy, part, portion, counter for copies of a newspaper or magazine
福;フク;;blessing, fortune, luck, wealth
腹;フク;はら;abdomen, belly, stomach
払;フツ,ヒツ,ホツ;はら.う,-はら.い,-ばら.い;pay, clear out, prune, banish, dispose of
平;ヘイ,ビョウ,ヒョウ;たい.ら,-だいら,ひら,ひら-;even, flat, peace
閉;ヘイ;と.じる,と.ざす,し.める,し.まる,た.てる;closed, shut
米;ベイ,マイ,メエトル;こめ,よね;rice, USA, metre
変;ヘン;か.わる,か.わり,か.える;unusual, change, strange
返;ヘン;かえ.す,-かえ.す,かえ.る,-かえ.る;return, answer, fade, repay
便;ベン,ビン;たよ.り;convenience
捕;ホ;と.らえる,と.らわれる,と.る,とら.える,とら.われる,つか.まえる,つか.まる;catch, capture
暮;ボ;く.れる,く.らす;livelihood, make a living, spend time
報;ホウ;むく.いる;report, news, reward, retribution
抱;ホウ;だ.く,いだ.く,かか.える;embrace, hug, hold in arms
放;ホウ;はな.す,-っぱな.し,はな.つ,はな.れる,こ.く,ほう.る;set free, release, fire, shoot, emit, banish, liberate
法;ホウ,ハッ,ホッ,フラン;のり;method, law, rule, principle, model, system
訪;ホウ;おとず.れる,たず.ねる,と.う;call on, visit, look up, offer sympathy
亡;ボウ,モウ;な.い,な.き-,ほろ.びる,ほろ.ぶ,ほろ.ぼす;deceased, the late, dying, perish
忘;ボウ;わす.れる;forget
忙;ボウ,モウ;いそが.しい,せわ.しい,おそ.れる,うれえるさま;busy, occupied, restless
望;ボウ,モウ;のぞ.む,もち;ambition, full moon, hope, desire, aspire to, expect
末;マツ,バツ;すえ;end, close, tip, powder, posterity
満;マン,バン;み.ちる,み.つ,み.たす;full, fullness, enough, satisfy
未;ミ,ビ;いま.だ,ま.だ,ひつじ;un-, not yet, hitherto, still, even now, sign of the ram, 1-3PM, eighth sign of Chinese zodiac
民;ミン;たみ;people, nation, subjects
眠;ミン;ねむ.る,ねむ.い;sleep, die, sleepy
務;ム;つと.める;task, duties
夢;ム,ボウ;ゆめ,ゆめ.みる,くら.い;dream, vision, illusion
娘;ジョウ;むすめ,こ;daughter, girl
命;メイ,ミョウ;いのち;fate, command, decree, destiny, life, appoint
迷;メイ;まよ.う;astray, be perplexed, in doubt, lost, err, illusion
鳴;メイ;な.く,な.る,な.らす;chirp, cry, bark, sound, ring, echo, honk
面;メン,ベン;おも,おもて,つら;mask, face, features, surface
戻;レイ;もど.す,もど.る;re-, return, revert, resume, restore, go backwards
役;ヤク,エキ;;duty, war, campaign, drafted labor, office, service, role
約;ヤク;つづ.まる,つづ.める,つづま.やか;promise, approximately, shrink
薬;ヤク;くすり;medicine, chemical, enamel, gunpowder, benefit
優;ユウ,ウ;やさ.しい,すぐ.れる,まさ.る;tenderness, excel, surpass, actor, superiority, gentleness
由;ユ,ユウ,ユイ;よし,よ.る;wherefore, a reason
遊;ユウ,ユ;あそ.ぶ,あそ.ばす;play
予;ヨ,シャ;あらかじ.め;beforehand, previous, myself, I
余;ヨ;あま.る,あま.り,あま.す,あんま.り;too much, myself, surplus, other, remainder
与;ヨ;あた.える,あずか.る,くみ.する,ともに;bestow, participate in, give, award, impart, provide, cause, gift, godsend
容;ヨウ;い.れる;contain, form, looks
様;ヨウ,ショウ;さま,さん;Esq., way, manner, situation, polite suffix
葉;ヨウ;は;leaf, plane, lobe, needle, blade, spear, counter for flat things, fragment, piece
要;ヨウ;い.る,かなめ;need, main point, essence, pivot, key to
陽;ヨウ;ひ;sunshine, yang principle, positive, male, heaven, daytime
欲;ヨク;ほっ.する,ほ.しい;longing, covetousness, greed, passion, desire, craving
頼;ライ;たの.む,たの.もしい,たよ.る;trust, request
落;ラク;お.ちる,お.ち,お.とす;fall, drop, come down
利;リ;き.く;profit, advantage, benefit
流;リュウ,ル;なが.れる,なが.れ,なが.す,-なが.す;current, a sink, flow, forfeit
留;リュウ,ル;と.める,と.まる,とど.める,とど.まる,るうぶる;detain, fasten, halt, stop
両;リョウ;てる,ふたつ;both, old Japanese coin, counter for carriages (e.g., in a train), two
良;リョウ;よ.い,-よ.い,い.い,-い.い;good, pleasing, skilled
類;ルイ;たぐ.い;sort, kind, variety, class, genus
例;レイ;たと.える;example, custom, usage, precedent
冷;レイ;つめ.たい,ひ.える,ひ.や,ひ.ややか,ひ.やす,ひ.やかす,さ.める,さ.ます;cool, cold (beer, person), chill
礼;レイ,ライ;;salute, bow, ceremony, thanks, remuneration
列;レツ,レ;;file, row, rank, tier, column
連;レン;つら.なる,つら.ねる,つ.れる,-づ.れ;take along, lead, join, connect, party, gang, clique
路;ロ,ル;-じ,みち;path, route, road, distance
労;ロウ;ろう.する,いたわ.る,いた.ずき,ねぎら,つか.れる,ねぎら.う;labor, thank for, reward for, toil, trouble
老;ロウ;お.いる,ふ.ける;old man, old age, grow old
論;ロン;;argument, discourse
和;ワ,オ,カ;やわ.らぐ,やわ.らげる,なご.む,なご.やか;harmony, Japanese style, peace, soften, Japan
悪;アク,オ;わる.い,わる-,あ.し,にく.い,-にく.い,ああ,いずくに,いずくんぞ,にく.む;bad, vice, rascal, false, evil, wrong
安;アン;やす.い,やす.まる,やす,やす.らか;relax, cheap, low, quiet, rested, contented, peaceful
以;イ;もっ.て;by means of, because, in view of, compared with
意;イ;;idea, mind, heart, taste, thought, desire, care, liking
医;イ;い.やす,い.する,くすし;doctor, medicine
員;イン;;employee, member, number, the one in charge
飲;イン,オン;の.む,-の.み;drink, smoke, take
院;イン;;Inst., institution, temple, mansion, school
運;ウン;はこ.ぶ;carry, luck, destiny, fate, lot, transport, progress, advance
映;エイ;うつ.る,うつ.す,は.える,-ば.え;reflect, reflection, projection
英;エイ;はなぶさ;England, English
駅;エキ;;station
屋;オク;や;roof, house, shop, dealer, seller
音;オン,イン,-ノン;おと,ね;sound, noise
夏;カ,ガ,ゲ;なつ;summer
家;カ,ケ;いえ,や,うち;house, home, family, professional, expert, performer
歌;カ;うた,うた.う;song, sing
花;カ,ケ;はな;flower
画;ガ,カク,エ,カイ;えが.く,かく.する,かぎ.る,はかりごと,はか.る;brush-stroke, picture
会;カイ,エ;あ.う,あ.わせる,あつ.まる;meeting, meet, party, association, interview, join
海;カイ;うみ;sea, ocean
界;カイ;;world
開;カイ;ひら.く,ひら.き,-びら.き,ひら.ける,あ.く,あ.ける;open, unfold, unseal
楽;ガク,ラク,ゴウ;たの.しい,たの.しむ,この.む;music, comfort, ease
漢;カン;;Sino-, China
館;カン;やかた,たて;building, mansion, large building, palace
帰;キ;かえ.る,かえ.す,おく.る,とつ.ぐ;homecoming, arrive at, lead to, result in
起;キ;お.きる,お.こる,お.こす,おこ.す,た.つ;rouse, wake up, get up
急;キュウ;いそ.ぐ,いそ.ぎ;hurry, emergency, sudden, steep
究;キュウ,ク;きわ.める;research, study
牛;ギュウ;うし;cow
去;キョ,コ;さ.る,-さ.る;gone, past, quit, leave, elapse, eliminate, divorce
魚;ギョ;うお,さかな,-ざかな;fish
京;キョウ,ケイ,キン;みやこ;capital, 10**16
強;キョウ,ゴウ;つよ.い,つよ.まる,つよ.める,し.いる,こわ.い;strong
教;キョウ;おし.える,おそ.わる;teach, faith, doctrine
業;ギョウ,ゴウ;わざ;business, vocation, arts, performance
近;キン,コン;ちか.い;near, early, akin, tantamount
銀;ギン;しろがね;silver
空;クウ;そら,あ.く,あ.き,あ.ける,から,す.く,す.かす,むな.しい;empty, sky, void, vacant, vacuum
兄;ケイ,キョウ;あに;elder brother, big brother
計;ケイ;はか.る,はか.らう;plot, plan, scheme, measure
建;ケン,コン;た.てる,た.て,-だ.て,た.つ;build
犬;ケン;いぬ,いぬ-;dog
研;ケン;と.ぐ;polish, study of, sharpen
験;ケン,ゲン;あかし,しるし,ため.す,ためし;verification, effect, testing
元;ゲン,ガン;もと;beginning, former time, origin
言;ゲン,ゴン;い.う,こと;say
古;コ;ふる.い,ふる-,-ふる.す;old
公;コウ,ク;おおやけ;public, prince, official, governmental
口;コウ,ク;くち;mouth
工;コウ,ク,グ;;craft, construction, katakana e radical (no. 48)
広;コウ;ひろ.い,ひろ.まる,ひろ.める,ひろ.がる,ひろ.げる;wide, broad, spacious
考;コウ;かんが.える,かんが.え;consider, think over
黒;コク;くろ,くろ.ずむ,くろ.い;black
作;サク,サ;つく.る,つく.り,-づく.り;make, production, prepare, build
仕;シ,ジ;つか.える;attend, doing, official, serve
使;シ;つか.う,つか.い,-つか.い,-づか.い;use
始;シ;はじ.める,-はじ.める,はじ.まる;commence, begin
姉;シ;あね,はは;elder sister
思;シ;おも.う,おもえら.く,おぼ.す;think
止;シ;と.まる,-ど.まり,と.める,-と.める,-ど.め,とど.める,とど.め,とど.まる,や.める,や.む,-や.む,よ.す,-さ.す,-さ.し;stop, halt
死;シ;し.ぬ,し.に-;death, die
私;シ;わたくし,わたし;private, I, me
紙;シ;かみ;paper
試;シ;こころ.みる,ため.す;test, try, attempt, experiment, ordeal
事;ジ,ズ;こと,つか.う,つか.える;matter, thing, fact, business, reason, possibly
字;ジ;あざ,あざな,-な;character, letter, word, section of village
持;ジ;も.つ,-も.ち,も.てる;hold, have
自;ジ,シ;みずか.ら,おの.ずから,おの.ずと;oneself
室;シツ;むろ;room, apartment, chamber, greenhouse, cellar
質;シツ,シチ,チ;たち,ただ.す,もと,わりふ;substance, quality, matter, temperament
写;シャ,ジャ;うつ.す,うつ.る,うつ-,うつ.し;copy, be photographed, describe
社;シャ;やしろ;company, firm, office, association, shrine
者;シャ;もの;someone, person
借;シャク;か.りる;borrow, rent
主;シュ,ス,シュウ;ぬし,おも,あるじ;lord, chief, master, main thing, principal
手;シュ,ズ;て,て-,-て,た-;hand
秋;シュウ;あき,とき;autumn
終;シュウ;お.わる,-お.わる,おわ.る,お.える,つい,つい.に;end, finish
習;シュウ,ジュ;なら.う,なら.い;learn
週;シュウ;;week
集;シュウ;あつ.まる,あつ.める,つど.う;gather, meet, congregate, swarm, flock
住;ジュウ,ヂュウ,チュウ;す.む,す.まう,-ず.まい;dwell, reside, live, inhabit
重;ジュウ,チョウ;え,おも.い,おも.り,おも.なう,かさ.ねる,かさ.なる,おも;heavy, heap up, pile up, nest of boxes, -fold
春;シュン;はる;springtime, spring (season)
少;ショウ;すく.ない,すこ.し;few, little
場;ジョウ,チョウ;ば;location, place
色;ショク,シキ;いろ;color
心;シン;こころ,-ごころ;heart, mind, spirit, heart radical (no. 61)
新;シン;あたら.しい,あら.た,あら-,にい-;new
真;シン;ま,ま-,まこと;true, reality, Buddhist sect
親;シン;おや,おや-,した.しい,した.しむ;parent, intimacy, relative, familiarity, dealer (cards)
図;ズ,ト;え,はか.る;map, drawing, plan, unexpected, accidentally
世;セイ,セ,ソウ;よ,さんじゅう;generation, world, society, public
正;セイ,ショウ;ただ.しい,ただ.す,まさ,まさ.に;correct, justice, righteous, 10**40
青;セイ,ショウ;あお,あお-,あお.い;blue, green
赤;セキ,シャク;あか,あか-,あか.い,あか.らむ,あか.らめる;red
切;セツ,サイ;き.る,-き.る,き.り,-き.り,-ぎ.り,き.れる,-き.れる,き.れ,-き.れ,-ぎ.れ;cut, cutoff, be sharp
早;ソウ,サッ;はや.い,はや,はや-,はや.まる,はや.める,さ-;early, fast
走;ソウ;はし.る;run
送;ソウ;おく.る;escort, send
足;ソク;あし,た.りる,た.る,た.す;leg, foot, be sufficient, counter for pairs of footwear
族;ゾク;;tribe, family
多;タ;おお.い,まさ.に,まさ.る;many, frequent, much
体;タイ,テイ;からだ,かたち;body, substance, object, reality, counter for images
待;タイ;ま.つ,-ま.ち;wait, depend on
貸;タイ;か.す,か.し-,かし-;lend
代;ダイ,タイ;か.わる,かわ.る,かわ.り,-がわ.り,か.える,よ,しろ;substitute, change, convert, replace, period, age, counter for decades of ages, eras, etc., generation, charge, rate, fee
台;ダイ,タイ;うてな,われ,つかさ;pedestal, a stand, counter for machines and vehicles
題;ダイ;;topic, subject
知;チ;し.る,し.らせる;know, wisdom
地;チ,ジ;;ground, earth
茶;チャ,サ;;tea
着;チャク,ジャク;き.る,-ぎ,き.せる,-き.せ,つ.く,つ.ける;don, arrive, wear, counter for suits of clothing
昼;チュウ;ひる;daytime, noon
注;チュウ;そそ.ぐ,さ.す,つ.ぐ;pour, irrigate, shed (tears), flow into, concentrate on, notes, comment, annotate
朝;チョウ;あさ;morning, dynasty, regime, epoch, period, (North) Korea
町;チョウ;まち;town, village, block, street
鳥;チョウ;とり;bird, chicken
通;ツウ,ツ;とお.る,とお.り,-とお.り,-どお.り,とお.す,とお.し,-どお.し,かよ.う;traffic, pass through, avenue, commute, counter for letters, notes, documents, etc.
弟;テイ,ダイ,デ;おとうと;younger brother, faithful service to elders
店;テン;みせ,たな;store, shop
転;テン;ころ.がる,ころ.げる,ころ.がす,ころ.ぶ,まろ.ぶ,うたた,うつ.る,くる.めく;revolve, turn around, change
田;デン;た;rice field, rice paddy
度;ド,ト,タク;たび,-た.い;degrees, occurrence, time, counter for occurrences
冬;トウ;ふゆ;winter
答;トウ;こた.える,こた.え;solution, answer
動;ドウ;うご.く,うご.かす;move, motion, change, confusion, shift, shake
同;ドウ;おな.じ;same, agree, equal
堂;ドウ;;public chamber, hall
道;ドウ,トウ;みち;road-way, street, district, journey, course, moral, teachings
特;トク;;special
肉;ニク;しし;meat
買;バイ;か.う;buy
売;バイ;う.る,う.れる;sell
発;ハツ,ホツ;た.つ,あば.く,おこ.る,つか.わす,はな.つ;discharge, departure, publish, emit, start from, disclose, counter for gunshots
飯;ハン;めし;meal, boiled rice
病;ビョウ,ヘイ;や.む,-や.み,やまい;ill, sick
品;ヒン,ホン;しな;goods, refinement, dignity, article, counter for meal courses
不;フ,ブ;;negative, non-, bad, ugly, clumsy
風;フウ,フ;かぜ,かざ-,-かぜ;wind, air, style, manner
服;フク;;clothing, admit, obey, discharge
物;ブツ,モツ;もの,もの-;thing, object, matter
文;ブン,モン;ふみ,あや;sentence, literature, style, art, decoration, figures, plan, literary radical (no. 67)
別;ベツ;わか.れる,わ.ける;separate, branch off, diverge, fork, another, extra, specially
勉;ベン;つと.める;exertion
歩;ホ,ブ,フ;ある.く,あゆ.む;walk, counter for steps
方;ホウ;かた,-かた,-がた;direction, person, alternative
妹;マイ;いもうと;younger sister
味;ミ;あじ,あじ.わう;flavor, taste
明;メイ,ミョウ,ミン;あ.かり,あか.るい,あか.るむ,あか.らむ,あき.らか,あ.ける,-あ.け,あ.く,あ.くる,あ.かす;bright, light
目;モク,ボク;め,-め,ま-;eye, class, look, insight, experience, care, favor
問;モン;と.う,と.い,とん;question, ask, problem
夜;ヤ;よ,よる;night, evening
野;ヤ,ショ;の,の-;plains, field, rustic, civilian life
有;ユウ,ウ;あ.る;possess, have, exist, happen, occur, approx
夕;セキ;ゆう;evening
曜;ヨウ;;weekday
洋;ヨウ;;ocean, western style
用;ヨウ;もち.いる;utilize, business, service, use, employ
理;リ;ことわり;logic, arrangement, reason, justice, truth
立;リツ,リュウ,リットル;た.つ,-た.つ,た.ち-,た.てる,-た.てる,た.て-,たて-,-た.て,-だ.て,-だ.てる;stand up, rise, set up, erect
旅;リョ;たび;trip, travel
料;リョウ;;fee, materials
力;リョク,リキ,リイ;ちから;power, strength, strong, strain, bear up, exert
一;イチ,イツ;ひと-,ひと.つ;one, one radical (no.1)
二;ニ,ジ;ふた,ふた.つ,ふたた.び;two, two radical (no.2)
三;サン,ゾウ;み,み.つ,みっ.つ;three
四;シ;よ,よ.つ,よっ.つ,よん;four
五;ゴ;いつ,いつ.つ;five
六;ロク,リク;む,む.つ,むっ.つ,むい;six
七;シチ;なな,なな.つ,なの;seven
八;ハチ;や,や.つ,やっ.つ,よう;eight, eight radical (no. 12)
九;キュウ,ク;ここの,ここの.つ;nine
十;ジュウ,ジッ,ジュッ;とお,と;ten
百;ヒャク,ビャク;もも;hundred
千;セン;ち;thousand
右;ウ,ユウ;みぎ;right
雨;ウ;あめ,あま-,-さめ;rain
円;エン;まる.い,まる,まど,まど.か,まろ.やか;circle, yen, round
下;カ,ゲ;した,しも,もと,さ.げる,さ.がる,くだ.る,くだ.り,くだ.す,-くだ.す,くだ.さる,お.ろす,お.りる;below, down, descend, give, low, inferior
何;カ;なに,なん,なに-,なん-;what
火;カ;ひ,-び,ほ-;fire
外;ガイ,ゲ;そと,ほか,はず.す,はず.れる,と-;outside
学;ガク;まな.ぶ;study, learning, science
間;カン,ケン;あいだ,ま,あい;interval, space
気;キ,ケ;いき;spirit, mind, air, atmosphere, mood
休;キュウ;やす.む,やす.まる,やす.める;rest, day off, retire, sleep
金;キン,コン,ゴン;かね,かな-,-がね;gold
月;ゲツ,ガツ;つき;month, moon
見;ケン;み.る,み.える,み.せる;see, hopes, chances, idea, opinion, look at, visible
午;ゴ;うま;noon, sign of the horse, 11AM-1PM, seventh sign of Chinese zodiac
後;ゴ,コウ;のち,うし.ろ,うしろ,あと,おく.れる;behind, back, later
語;ゴ;かた.る,かた.らう;word, speech, language
校;コウ,キョウ;;exam, school, printing, proof, correction
行;コウ,ギョウ,アン;い.く,ゆ.く,-ゆ.き,-ゆき,-い.き,-いき,おこな.う,おこ.なう;going, journey
高;コウ;たか.い,たか,-だか,たか.まる,たか.める;tall, high, expensive
国;コク;くに;country
今;コン,キン;いま;now
左;サ,シャ;ひだり;left
山;サン,セン;やま;mountain
子;シ,ス,ツ;こ,-こ,ね;child, sign of the rat, 11PM-1AM, first sign of Chinese zodiac
時;ジ;とき,-どき;time, hour
車;シャ;くるま;car
出;シュツ,スイ;で.る,-で,だ.す,-だ.す,い.でる,い.だす;exit, leave, go out, come out, put out, protrude
書;ショ;か.く,-が.き,-がき;write
女;ジョ,ニョ,ニョウ;おんな,め;woman, female
小;ショウ;ちい.さい,こ-,お-,さ-;little, small
上;ジョウ,ショウ,シャン;うえ,-うえ,うわ-,かみ,あ.げる,-あ.げる,あ.がる,-あ.がる,あ.がり,-あ.がり,のぼ.る,のぼ.り,のぼ.せる,のぼ.す,よ.す;above, up
食;ショク,ジキ;く.う,く.らう,た.べる,は.む;eat, food
人;ジン,ニン;ひと,-り,-と;person
水;スイ;みず,みず-;water
生;セイ,ショウ;い.きる,い.かす,い.ける,う.まれる,うま.れる,う.まれ,うまれ,う.む,お.う,は.える,は.やす,き,なま,なま-,な.る,な.す,む.す,-う;life, genuine, birth
西;セイ,サイ,ス;にし;west, Spain
先;セン;さき,ま.ず;before, ahead, previous, future, precedence
川;セン;かわ;stream, river, river or 3-stroke river radical (no. 47)
前;ゼン;まえ,-まえ;in front, before
大;ダイ,タイ;おお-,おお.きい,-おお.いに;large, big
男;ダン,ナン;おとこ,お;male
中;チュウ;なか,うち,あた.る;in, inside, middle, mean, center
長;チョウ;なが.い,おさ;long, leader
天;テン;あまつ,あめ,あま-;heavens, sky, imperial
電;デン;;electricity
土;ド,ト;つち;soil, earth, ground, Turkey
東;トウ;ひがし;east
読;ドク,トク,トウ;よ.む,-よ.み;read
南;ナン,ナ;みなみ;south
日;ニチ,ジツ;ひ,-び,-か;day, sun, Japan, counter for days
入;ニュウ,ジュ;い.る,-い.る,-い.り,い.れる,-い.れ,はい.る;enter, insert
年;ネン;とし;year, counter for years
白;ハク,ビャク;しろ,しら-,しろ.い;white
半;ハン;なか.ば;half, middle, odd number, semi-, part-
父;フ;ちち;father
聞;ブン,モン;き.く,き.こえる;hear, ask, listen
母;ボ;はは,も;mama, mother
北;ホク;きた;north
本;ホン;もと;book, present, main, origin, true, real, counter for long cylindrical things
毎;マイ;ごと,-ごと.に;every
万;マン,バン;よろず;ten thousand, 10,000
名;メイ,ミョウ;な,-な;name, noted, distinguished, reputation
木;ボク,モク;き,こ-;tree, wood
友;ユウ;とも;friend
来;ライ,タイ;く.る,きた.る,きた.す,き.たす,き.たる,き,こ;come, due, next, cause, become
話;ワ;はな.す,はなし;tale, talk